{
  "version": "2022.2",
  "applications": [],
  "platforms": [
    {
      "name": "zyboz7_tcu_wrapper"
    }
  ],
  "systems": [
    {
      "name": "zyboz7_tcu_system",
      "platform": "/home/lubin/Origin_DeepEmbeddedEntomology/software/zyboz7_tcu/zyboz7_tcu_wrapper/export/zyboz7_tcu_wrapper/zyboz7_tcu_wrapper.xpfm",
      "sysConfig": "zyboz7_tcu_wrapper",
      "buildConfig": "Debug",
      "applications": [
        {
          "name": "zyboz7_tcu",
          "platform": "/home/lubin/Origin_DeepEmbeddedEntomology/software/zyboz7_tcu/zyboz7_tcu_wrapper/export/zyboz7_tcu_wrapper/zyboz7_tcu_wrapper.xpfm",
          "platformPath": "/home/lubin/Origin_DeepEmbeddedEntomology/software/zyboz7_tcu/zyboz7_tcu_wrapper/export/zyboz7_tcu_wrapper",
          "sysConfig": "zyboz7_tcu_wrapper",
          "domain": "standalone_ps7_cortexa9_0",
          "system": "zyboz7_tcu_system"
        }
      ],
      "platformPath": "/home/lubin/Origin_DeepEmbeddedEntomology/software/zyboz7_tcu/zyboz7_tcu_wrapper/export/zyboz7_tcu_wrapper"
    }
  ],
  "others": []
}