{
  "version": "2022.2",
  "applications": [],
  "platforms": [
    {
      "name": "system_wrapper"
    }
  ],
  "systems": [
    {
      "name": "camera_tcu_system",
      "platform": "/home/lubin/DeepEmbeddedEntomology/software/camera_detect_tcu/system_wrapper/export/system_wrapper/system_wrapper.xpfm",
      "sysConfig": "system_wrapper",
      "buildConfig": "Debug",
      "applications": [
        {
          "name": "camera_tcu",
          "platform": "/home/lubin/DeepEmbeddedEntomology/software/camera_detect_tcu/system_wrapper/export/system_wrapper/system_wrapper.xpfm",
          "platformPath": "/home/lubin/DeepEmbeddedEntomology/software/camera_detect_tcu/system_wrapper/export/system_wrapper",
          "sysConfig": "system_wrapper",
          "domain": "standalone_ps7_cortexa9_0",
          "system": "camera_tcu_system"
        }
      ],
      "platformPath": "/home/lubin/DeepEmbeddedEntomology/software/camera_detect_tcu/system_wrapper/export/system_wrapper"
    }
  ],
  "others": []
}